On my way to Tampa Florida. Look forward to seeing everyone soon! https://t.co/BSB6IjBK7r,travel,,07-31-2018 20:49:25,7551,43247,,
‚ÄúWorker pay rate hits highest level since 2008‚Äù https://t.co/pMDxHQqcg9,economy,,07-31-2018 20:39:22,13966,53234,,
...Border Security is National Security and National Security is the long-term viability of our Country. A Government Shutdown is a very small price to pay for a safe and Prosperous America!,border_security,,07-31-2018 17:33:48,15073,63864,,
I don‚Äôt care what the political ramifications are our immigration laws and border security have been a complete and total disaster for decades and there is no way that the Democrats will allow it to be fixed without a Government Shutdown...,border_security,,07-31-2018 17:33:47,23386,93482,,
.@SenJohnBarrasso has a Primary on August 21st. He doesn‚Äôt need any help because he is absolutely outstanding in every way but I hope the great people of Wyoming will go out and show their support anyway. John is absolutely top of the line &amp; has my Complete &amp; Total Endorsement!,election ,,07-31-2018 17:13:32,10159,40467,,
Congressman David Kustoff has been a champion for the Trump Agenda - I greatly appreciate his support. David is strong on crime and borders loves our Military Vets and Second Amendment. Get out and vote for David on Thursday August 2nd. He has my Full and Total Endorsement!,election,,07-31-2018 17:09:50,12056,49446,,
The Fake News Media is going CRAZY! They are totally unhinged and in many ways after witnessing first hand the damage they do to so many innocent and decent people I enjoy watching. In 7 years when I am no longer in office their ratings will dry up and they will be gone!,news,,07-31-2018 13:34:47,22959,93109,,
Will be in Tampa tonight. A big year for @RepDeSantis who will be a great governor for Florida. Strong on Crime Borders and our 2nd Amendment. Big help on Tax &amp; Regulation Cuts. Loves our Military &amp; our Vets. Has my Full &amp; Total Endorsement!,election,,07-31-2018 12:21:48,12973,52166,,
I am looking into 3-D Plastic Guns being sold to the public. Already spoke to NRA doesn‚Äôt seem to make much sense!,guns,,07-31-2018 12:03:30,9781,47723,,
Collusion is not a crime but that doesn‚Äôt matter because there was No Collusion (except by Crooked Hillary and the Democrats)!,collusion ,,07-31-2018 11:58:58,18413,79194,,
One of the reasons we need Great Border Security is that Mexico‚Äôs murder rate in 2017 increased by 27% to 31174 people killed a record! The Democrats want Open Borders. I want Maximum Border Security and respect for ICE and our great Law Enforcement Professionals! @FoxNews,border_security,,07-31-2018 11:00:41,23454,85934,,
Rush Limbaugh is a great guy who truly gets it!,random_kindness,,07-31-2018 10:50:28,14496,68919,,
....them richer. Their network is highly overrated I have beaten them at every turn. They want to protect their companies outside the U.S. from being taxed I‚Äôm for America First &amp; the American Worker - a puppet for no one. Two nice guys with bad ideas. Make America Great Again!,economy,,07-31-2018 10:23:41,16116,69537,,
The globalist Koch Brothers who have become a total joke in real Republican circles are against Strong Borders and Powerful Trade. I never sought their support because I don‚Äôt need their money or bad ideas. They love my Tax &amp; Regulation Cuts Judicial picks &amp; more. I made.....,economy,,07-31-2018 10:14:18,21060,81831,,
MAKING AMERICA GREAT AGAIN! https://t.co/OnMGXvldVT,make_america_great_again,,07-31-2018 02:01:02,32953,100248,,
A highly respected Federal judge today stated that the ‚ÄúTrump Administration gets great credit‚Äù for reuniting illegal families. Thank you and please look at the previous administrations record - not good!,border_security,,07-31-2018 00:56:16,21239,84870,,
Congratulations to our new @DeptVetAffairs Secretary Robert Wilkie! https://t.co/6erqWJzuiK,random_kindness,,07-30-2018 22:44:12,8640,40105,,
Thank you to @RandPaul for your YES on a future great Justice of the Supreme Court Brett Kavanaugh. Your vote means a lot to me and to everyone who loves our Country!,random_kindness,,07-30-2018 22:36:02,16450,76853,,
...that Open Borders large scale Crime and abolishing ICE is good for them we must get smart and finally do what must be done for the Safety and Security of our Country!,border_security,,07-30-2018 22:34:22,13578,58706,,
Illegal immigration is a top National Security problem. After decades of playing games with the whole World laughing at the stupidity of our immigration laws and with Democrats thinking...,border_security,,07-30-2018 22:34:21,18615,77317,,
Congratulations to Judge Jeanine on the tremendous success of her new #1 best-selling book ‚ÄúLiars Leakers and Liberals ‚Äì The Case Against the Anti-Trump Conspiracy!‚Äù,random_kindness,,07-30-2018 22:31:20,17895,87516,,
...your Social Security and Medicare! Cast your early vote or vote on August 7th Election Day. He has my full and total Endorsement!,election,,07-30-2018 22:28:21,5584,27126,,
.@Troy_Balderson of Ohio is running for Congress - so important to the Republican Party. Troy is strong on crime and Borders loves our Military our Vets and our Second Amendment. Troy will strongly protect...,election,,07-30-2018 22:28:20,8438,35955,,
Congratulations to General John Kelly. Today we celebrate his first full year as @WhiteHouse Chief of Staff! https://t.co/JWCaJ3GhHV,random_kindness,,07-30-2018 21:20:37,12256,64013,,
üá∫üá∏üáÆüáπ https://t.co/1SSUCRtMEE,foreign_relations ,,07-30-2018 19:31:31,11647,51133,,
It is my great honor to welcome Prime Minister @GiuseppeConteIT of Italy to the @WhiteHouse! Join us at 2:00pmE for our joint press conference: https://t.co/XAchZ3zUSe https://t.co/5t4QVsKKqH,foreign_relations ,,07-30-2018 17:22:27,10334,47108,,
We must have Border Security get rid of Chain Lottery Catch &amp; Release Sanctuary Cities - go to Merit based Immigration. Protect ICE and Law Enforcement and of course keep building but much faster THE WALL!,border_security,,07-30-2018 11:57:34,29134,114575,,
....Also why is Mueller only appointing Angry Dems some of whom have worked for Crooked Hillary others including himself have worked for Obama....And why isn‚Äôt Mueller looking at all of the criminal activity &amp; real Russian Collusion on the Democrats side-Podesta Dossier?,collusion ,,07-29-2018 20:20:39,25673,94999,,
Is Robert Mueller ever going to release his conflicts of interest with respect to President Trump including the fact that we had a very nasty &amp; contentious business relationship I turned him down to head the FBI (one day before appointment as S.C.) &amp; Comey is his close friend..,collusion ,,07-29-2018 20:12:15,24711,86618,,
There is No Collusion! The Robert Mueller Rigged Witch Hunt headed now by 17 (increased from 13 including an Obama White House lawyer) Angry Democrats was started by a fraudulent Dossier paid for by Crooked Hillary and the DNC. Therefore the Witch Hunt is an illegal Scam!,collusion ,,07-29-2018 19:35:14,30980,114106,,
...and the Amazon Washington Post do nothing but write bad stories even on very positive achievements - and they will never change!,news,,07-29-2018 19:09:19,14552,65238,,
...dying newspaper industry. No matter how much they try to distract and cover it up our country is making great progress under my leadership and I will never stop fighting for the American people! As an example the failing New York Times...,news,,07-29-2018 19:09:18,15158,67245,,
...accurately. 90% of media coverage of my Administration is negative despite the tremendously positive results we are achieving it‚Äôs no surprise that confidence in the media is at an all time low! I will not allow our great country to be sold out by anti-Trump haters in the...,news,,07-29-2018 19:09:18,13281,43060,,
When the media - driven insane by their Trump Derangement Syndrome - reveals internal deliberations of our government it  truly puts the lives of many not just journalists at risk! Very unpatriotic! Freedom of the press also comes with a responsibility to report the news...,news,,07-29-2018 19:09:17,22398,90381,,
I would be willing to ‚Äúshut down‚Äù government if the Democrats do not give us the votes for Border Security which includes the Wall! Must get rid of Lottery Catch &amp; Release etc. and finally go to system of Immigration based on MERIT! We need great people coming into our Country!,border_security,,07-29-2018 13:13:59,34930,134982,,
The biggest and best results coming out of the good GDP report was that the quarterly Trade Deficit has been reduced by $52 Billion and of course the historically low unemployment numbers especially for African Americans Hispanics Asians and Women.,economy,,07-29-2018 12:42:52,21461,87919,,
Had a very good and interesting meeting at the White House with A.G. Sulzberger Publisher of the New York Times. Spent much time talking about the vast amounts of Fake News being put out by the media &amp; how that Fake News has morphed into phrase ‚ÄúEnemy of the People.‚Äù Sad!,news ,,07-29-2018 12:30:04,18393,74852,,
Please understand there are consequences when people cross our Border illegally whether they have children or not - and many are just using children for their own sinister purposes. Congress must act on fixing the DUMBEST &amp; WORST immigration laws anywhere in the world! Vote ‚ÄúR‚Äù,border_security,,07-29-2018 11:58:09,33018,126195,,
Do you think the Fake News Media will ever report on this tweet from Michael? https://t.co/kXLCKZO5Fr,news ,,07-29-2018 11:52:49,14209,49679,,
Wow highest Poll Numbers in the history of the Republican Party. That includes Honest Abe Lincoln and Ronald Reagan. There must be something wrong please recheck that poll!,election ,,07-29-2018 11:44:00,21863,101282,,
Tom Homan fmr ICE Director: ‚ÄúThere is nobody that has done more for border security &amp; public safety than President Trump. I‚Äôve worked for six presidents and I respect them all but nobody has done more than this Administration &amp; President Trump that‚Äôs just a stone cold fact!‚Äù,border_security  ,,07-29-2018 11:31:52,22454,86125,,
https://t.co/E3xvdUGZqa,border_security  ,,07-28-2018 16:37:29,23030,85063,,
Join me in Tampa Florida next Tuesday July 31st at 7:00pmE for a #MAGA Rally! Tickets: https://t.co/Q2PMyTACl8 https://t.co/URjvN8Owoe,make_america_great_again,,07-28-2018 01:53:48,15150,55209,,
The only things the Democrats do well is ‚ÄúResist‚Äù which is their campaign slogan and ‚ÄúObstruct.‚Äù Cryin‚Äô Chuck Schumer has almost 400 great American people that are waiting ‚Äúforever‚Äù to serve our Country! A total disgrace. Mitch M should not let them go home until all approved!,democrats ,,07-28-2018 00:47:58,30324,117809,,
Democrats who want Open Borders and care little about Crime are incompetent but they have the Fake News Media almost totally on their side!,democrats ,,07-27-2018 22:45:56,28917,118263,,
Congressman David Kustoff has been a champion for the Trump Agenda - I greatly appreciate his support. David is strong on crime and borders loves our Military Vets and Second Amendment. Get out and vote for David on Thursday August 2nd. He has my full and total Endorsement!,election,,07-27-2018 20:08:06,17685,72348,,
Private business investment has surged from 1.8 percent the year BEFORE I came into office to 9.4 percent this year -- that means Economy Economy Economy! https://t.co/evO63CpqPP,economy ,,07-27-2018 19:23:07,15992,59553,,
The @USNavy‚Äôs first female Admiral Alene Duerk once said: ‚ÄúIt was a nice distinction to have and to be recognized as the first but I wanted to make certain that I used that notoriety to do as much positive as I could.‚Äù Alene did just that and America is forever grateful! https://t.co/tOqkzqGVG7,random_kindness,,07-27-2018 18:16:46,12544,54262,,
We have accomplished an economic turnaround of HISTORIC proportions! https://t.co/vnmMtPv0kk,economy ,,07-27-2018 16:20:37,17145,66948,,
I am thrilled to announce that in the second quarter of this year the U.S. Economy grew at the amazing rate of 4.1%! https://t.co/xeAPwAAOXN,economy,,07-27-2018 16:12:14,21856,89880,,
.@Troy_Balderson of Ohio is running for Congress - so important to the Republican Party. Cast you early vote or vote on August 7th. Troy is strong on crime and borders loves our Military our Vets and our Second Amendment. He has my full and total Endorsement!,election,,07-27-2018 15:58:45,12143,46975,,
.@JohnJamesMI who is running in the Republican Primary in the great state of Michigan is SPECTACULAR! Vote on August 7th. Rarely have I seen a candidate with such great potential. West Point graduate successful businessman and a African American leader...,election,,07-27-2018 15:53:20,19060,69832,,
...John is strong on crime and borders loves our Military our Vets and our Second Amendment. He will be a star. He has my full and total Endorsement!,election,,07-27-2018 15:53:20,12313,52615,,
GREAT GDP numbers just released. Will be having a news conference soon!,economy ,,07-27-2018 13:17:09,14763,78958,,
.....I did NOT know of the meeting with my son Don jr. Sounds to me like someone is trying to make up stories in order to get himself out of an unrelated jam (Taxi cabs maybe?). He even retained Bill and Crooked Hillary‚Äôs lawyer. Gee I wonder if they helped him make the choice!,collusion ,,07-27-2018 11:56:15,20448,86506,,
....the only Collusion with Russia was with the Democrats so now they are looking at my Tweets (along with 53 million other people) - the rigged Witch Hunt continues! How stupid and unfair to our Country....And so the Fake News doesn‚Äôt waste my time with dumb questions NO....,collusion ,,07-27-2018 11:38:32,22898,97836,,
Arrived back in Washington last night from a very emotional reopening of a major U.S. Steel plant in Granite City Illinois only to be greeted with the ridiculous news that the highly conflicted Robert Mueller and his gang of 13 Angry Democrats obviously cannot find Collusion...,collusion ,,07-27-2018 11:26:20,18875,82181,,
Way to go Jerry. This is what the league should do! https://t.co/yEP1jK57xi,random_kindness,,07-27-2018 10:56:17,12453,59145,,
The Remains of American Servicemen will soon be leaving North Korea and heading to the United States! After so many years this will be a great moment for so many families. Thank you to Kim Jong Un.,foreign_relations ,,07-27-2018 03:50:54,22883,104648,,
America is OPEN FOR BUSINESS and U.S. Steel is back! https://t.co/lJTcr6JHBW,economy ,,07-27-2018 02:37:00,21817,90332,,
...called ‚ÄúThe Case Against Impeaching Trump‚Äù which I would encourage all people with Trump Derangement Syndrome to read!,random_kindness,,07-26-2018 22:48:40,14491,66685,,
.@AlanDersh a brilliant lawyer who although a Liberal Democrat who probably didn‚Äôt vote for me has discussed the Witch Hunt with great clarity and in a very positive way. He has written a new and very important book...,random_kindness,,07-26-2018 22:48:38,16620,72517,,
PROMISES KEPT! https://t.co/vR2R5WXPVD,economy ,,07-26-2018 21:43:13,17754,75302,,
Thank you @U_S_Steel and Granite City Illinois! https://t.co/6RsUvGF6rg,economy  ,,07-26-2018 21:12:45,10597,46989,,
The United States will impose large sanctions on Turkey for their long time detainment of Pastor Andrew Brunson a great Christian family man and wonderful human being. He is suffering greatly. This innocent man of faith should be released immediately!,foreign_relations ,,07-26-2018 15:22:39,33074,122047,,
This is great - on my way see you soon @IAGovernor Kim Reynolds! https://t.co/SXfkk12Uig,random_kindness ,,07-26-2018 14:52:18,8724,41122,,
Heading to Dubuque Iowa and then Granite City Illinois. Looking  forward to being with many great friends!,travel,,07-26-2018 14:11:30,11846,67787,,
Twitter ‚ÄúSHADOW BANNING‚Äù prominent Republicans. Not good. We will look into this discriminatory and illegal practice at once! Many complaints.,news ,,07-26-2018 11:46:09,50012,159336,,
European Union representatives told me that they would start buying soybeans from our great farmers immediately. Also they will be buying vast amounts of LNG!,foreign_relations ,,07-26-2018 01:07:28,20187,91415,,
Great to be back on track with the European Union. This was a big day for free and fair trade!,foreign_relations ,,07-26-2018 01:01:08,21558,105152,,
Thank you Georgia! They say that my endorsement last week of Brian Kemp in the Republican Primary for Governor against a very worthy opponent lifted him from 5 points down to a 70% to 30% victory! Two very good and talented men in a great race but congratulations to Brian!,election ,,07-26-2018 00:16:32,13577,69208,,
Obviously the European Union as represented by @JunckerEU and the United States as represented by yours truly love each other! https://t.co/42ImacgCN0,foreign_relations ,,07-25-2018 23:49:34,11938,52315,,
...along quickly. European Union Nations will be open to the United States and at the same time benefiting by everything we are doing for them. There was great warmth and feeling in the room - a breakthrough has been quickly made that nobody thought possible!,foreign_relations ,,07-25-2018 23:42:24,10781,49968,,
Great meeting on Trade today with @JunckerEU and representatives of the European Union. We have come to a very strong understanding and are all believers in no tariffs no barriers and no subsidies. Work on documents has already started and the process is moving...,foreign_relations ,,07-25-2018 23:42:23,13047,60093,,
Thank you very much working hard! https://t.co/cSzbFfq2NW,trump_admin ,,07-25-2018 22:59:35,23123,102265,,
Sergio Marchionne who passed away today was one of the most brilliant &amp; successful car executives since the days of the legendary Henry Ford. It was a great honor for me to get to know Sergio as POTUS he loved the car industry and fought hard for it. He will be truly missed!,random_kindness,,07-25-2018 22:45:49,11887,62064,,
This week my Administration is hosting the first-ever #IRFMinisterial. The U.S. will continue to promote #ReligiousFreedom around the world. Nations that support religious freedom are far more free prosperous &amp; peaceful. Great job @VP @SecPompeo @IRF_Ambassador &amp; @StateDept!,religion,,07-25-2018 22:33:01,12571,52335,,
The United States and the European Union have a $1 TRILLION bilateral trade relationship ‚Äì the largest economic relationship in the world. We want to further strengthen this trade relationship to the benefit of all American and European citizens... https://t.co/4zlmEEtCpG,foreign_relations  ,,07-25-2018 20:57:24,18450,71234,,
Congratulations to Brian Kemp on your very big win in Georgia last night. Wow 69-30 those are big numbers. Now go win against the open border crime loving opponent that the Democrats have given you. She is weak on Vets the Military and the 2nd Amendment. Win!,election,,07-25-2018 12:41:14,18829,84793,,
What kind of a lawyer would tape a client? So sad! Is this a first never heard of it before? Why was the tape so abruptly terminated (cut) while I was presumably saying positive things? I hear there are other clients and many reporters that are taped - can this be so? Too bad!,collusion ,,07-25-2018 12:34:58,23931,109134,,
China is targeting our farmers who they know I love &amp; respect as a way of getting me to continue allowing them to take advantage of the U.S. They are being vicious in what will be their failed attempt. We were being nice - until now! China made $517 Billion on us last year.,foreign_relations  ,,07-25-2018 11:20:28,21332,82825,,
When you have people snipping at your heels during a negotiation it will only take longer to make a deal and the deal will never be as good as it could have been with unity. Negotiations are going really well be cool. The end result will be worth it!,foreign_relations  ,,07-25-2018 11:08:39,22458,102370,,
Every time I see a weak politician asking to stop Trade talks or the use of Tariffs to counter unfair Tariffs I wonder what can they be thinking? Are we just going to continue and let our farmers and country get ripped off?  Lost $817 Billion on Trade last year. No weakness!,foreign_relations ,,07-25-2018 11:01:05,21625,88799,,
‚ÄúThe Russia Hoax The Illicit Scheme To Clear Hillary Clinton &amp; Frame Donald Trump‚Äù is a Hot Seller already Number One! More importantly it is a great book that everyone is talking about. It covers the Rigged Witch Hunt brilliantly. Congratulations to Gregg Jarrett!,random_kindness,,07-25-2018 01:05:05,23880,86911,,
So sad and unfair that the FCC wouldn‚Äôt approve the Sinclair Broadcast merger with Tribune. This would have been a great and much needed Conservative voice for and of the People. Liberal Fake News NBC and Comcast gets approved much bigger but not Sinclair. Disgraceful!,news ,,07-25-2018 00:39:16,22482,87260,,
The European Union is coming to Washington tomorrow to negotiate a deal on Trade. I have an idea for them. Both the U.S. and the E.U. drop all Tariffs Barriers and Subsidies! That would finally be called Free Market and Fair Trade! Hope they do it we are ready - but they won‚Äôt!,foreign_relations ,,07-25-2018 00:08:01,31469,121472,,
Today it was my great honor to be in Kansas City Missouri to pay tribute to the men and women who make FREEDOM possible! Thank you @VFWHQ! #VFWConvention https://t.co/E6TYsNmWO8,random_kindness,,07-24-2018 22:33:30,12193,56779,,
On the heels of the VERY successful launch of the @WhiteHouse National Council for the American Worker Congress should reauthorize #PerkinsCTE and ensure the American workforce remains stronger than EVER! #Economy #Workforce,economy ,,07-24-2018 22:25:07,11093,52021,,
I want to thank the @VFWHQ for your devotion to our fallen heroes unknown soldiers Prisoners of War those Missing in Action and their families. #VFWConvention https://t.co/15ygFhCudR,random_kindness,,07-24-2018 19:15:36,11046,51332,,
#VFWConvention @VFWHQ https://t.co/dBQx526axz,travel ,,07-24-2018 17:51:28,8322,37744,,
I‚Äôm very concerned that Russia will be fighting very hard to have an impact on the upcoming Election. Based on the fact that no President has been tougher on Russia than me they will be pushing very hard for the Democrats. They definitely don‚Äôt want Trump!,election,,07-24-2018 15:50:37,24460,104844,,
MAKE AMERICA GREAT AGAIN!,make_america_great_again,,07-24-2018 13:54:19,32860,134635,,
Heading to Missouri to be with many of my great friends. VFW here we come!,travel,,07-24-2018 13:52:56,10760,65012,,
Our Country is doing GREAT. Best financial numbers on the Planet. Great to have USA WINNING AGAIN!,economy ,,07-24-2018 13:46:22,21333,102150,,
Today is the day to vote for Brian Kemp. Will be great for Georgia full Endorsement! https://t.co/yPND2bJ219,election,,07-24-2018 13:39:49,12037,49254,,
Tariffs are the greatest! Either a country which has treated the United States unfairly on Trade negotiates a fair deal or it gets hit with Tariffs. It‚Äôs as simple as that - and everybody‚Äôs talking! Remember we are the ‚Äúpiggy bank‚Äù that‚Äôs being robbed. All will be Great!,foreign_relations ,,07-24-2018 11:29:50,21582,94195,,
Countries that have treated us unfairly on trade for years are all coming to Washington to negotiate. This should have taken place many years ago butas the saying goes better late than never!,foreign_relations ,,07-24-2018 11:09:12,21414,100190,,
#MadeInAmerica Showcase! https://t.co/rT0WIE99yP,make_america_great_again,,07-24-2018 02:07:39,18251,72214,,
Lou Barletta was one of my first supporters. He is tough on Crime and Borders. Will be a great Senator from Pennsylvania. His opponent is WEAK on Crime ICE and Borders. We need Lou! https://t.co/dcMSi4CPfb,election ,,07-24-2018 01:44:06,16049,61053,,
Robert will do a great job for our Vets. We also recently won Choice! https://t.co/hE0GDuCBET,election,,07-24-2018 01:35:37,10996,54527,,
....In my opinion the Washington Post is nothing more than an expensive (the paper loses a fortune) lobbyist for Amazon. Is it used as protection against antitrust claims which many feel should be brought?,news ,,07-23-2018 13:35:20,18549,82618,,
The Amazon Washington Post has gone crazy against me ever since they lost the Internet Tax Case in the U.S. Supreme Court two months ago. Next up is the U.S. Post Office which they use at a fraction of real cost as their ‚Äúdelivery boy‚Äù for a BIG percentage of their packages....,news ,,07-23-2018 13:21:15,20498,85390,,
A Rocket has not been launched by North Korea in 9 months. Likewise no Nuclear Tests. Japan is happy all of Asia is happy. But the Fake News is saying without ever asking me (always anonymous sources) that I am angry because it is not going fast enough. Wrong very happy!,foreign_relations ,,07-23-2018 13:06:18,30489,126860,,
When you hear the Fake News talking negatively about my meeting with President Putin and all that I gave up remember I gave up NOTHING we merely talked about future benefits for both countries. Also we got along very well which is a good thing except for the Corrupt Media!,news ,,07-23-2018 12:25:02,24541,104142,,
.....‚ÄùCarter Page wasn‚Äôt a spy wasn‚Äôt an agent of the Russians - he would have cooperated with the FBI. It was a fraud and a hoax designed to target Trump.‚Äù Tom Fitton @JudicialWatch A disgrace to America. They should drop the discredited Mueller Witch Hunt now!,collusion ,,07-23-2018 11:09:39,19773,75433,,
....and the DOJ FBI and Obama Gang need to be held to account. Source #1 was the major source. Avoided talking about it being the Clinton campaign behind it. Misled the Court to provide a pretext to SPY on the Trump Team. Not about Carter Page..was all about getting Trump.....,collusion ,,07-23-2018 11:01:15,22058,80632,,
‚ÄúIt was classified to cover up misconduct by the FBI and the Justice Department in misleading the Court by using this Dossier in a dishonest way to gain a warrant to target the Trump Team. This is a Clinton Campaign document. It was a fraud and a hoax designed to target Trump....,collusion ,,07-23-2018 10:52:10,25063,94003,,
So we now find out that it was indeed the unverified and Fake Dirty Dossier that was paid for by Crooked Hillary Clinton and the DNC that was knowingly &amp; falsely submitted to FISA and which was responsible for starting the totally conflicted and discredited Mueller Witch Hunt!,collusion ,,07-23-2018 10:30:11,28700,106276,,
Tom Fitton on @foxandfriends at 6:15 A.M. NOW! Judicial Watch.,news,,07-23-2018 10:13:52,7435,43616,,
To Iranian President Rouhani: NEVER EVER THREATEN THE UNITED STATES AGAIN OR YOU WILL SUFFER CONSEQUENCES THE LIKES OF WHICH FEW THROUGHOUT HISTORY HAVE EVER SUFFERED BEFORE. WE ARE NO LONGER A COUNTRY THAT WILL STAND FOR YOUR DEMENTED WORDS OF VIOLENCE &amp; DEATH. BE CAUTIOUS!,foreign_relations ,,07-23-2018 03:24:19,107757,332225,,
So President Obama knew about Russia before the Election. Why didn‚Äôt he do something about it? Why didn‚Äôt he tell our campaign? Because it is all a big hoax that‚Äôs why and he thought Crooked Hillary was going to win!!!,election,,07-22-2018 22:23:52,41545,156311,,
Happy Birthday @SenatorDole! https://t.co/MiVoB7qC6A,random_kindness,,07-22-2018 20:58:44,8874,54407,,
I had a GREAT meeting with Putin and the Fake News used every bit of their energy to try and disparage it. So bad for our country!,news ,,07-22-2018 13:15:18,22520,107819,,
.@PeteHegseth on @FoxNews  ‚ÄúSource #1 was the (Fake) Dossier. Yes the Dirty Dossier paid for by Democrats as a hit piece against Trump and looking for information that could discredit Candidate #1 Trump. Carter Page was just the foot to surveil the Trump campaign...‚Äù ILLEGAL!,collusion ,,07-22-2018 12:56:15,21089,76806,,
Andrew McCarthy - ‚ÄúI said this could never happen. This is so bad that they should be looking at the judges who signed off on this stuff not just the people who gave it. It is so bad it screams out at you.‚Äù  On the whole FISA scam which led to the rigged Mueller Witch Hunt!,collusion ,,07-22-2018 12:22:49,34649,120280,,
Looking more &amp; more like the Trump Campaign for President was illegally being spied upon (surveillance) for the political gain of Crooked Hillary Clinton and the DNC. Ask her how that worked out - she did better with Crazy Bernie. Republicans must get tough now. An illegal Scam!,collusion ,,07-22-2018 10:49:25,33001,120227,,
Congratulations to @JudicialWatch and @TomFitton on being successful in getting the Carter Page FISA documents. As usual they are ridiculously heavily redacted but confirm with little doubt that the Department of ‚ÄúJustice‚Äù and FBI misled the courts. Witch Hunt Rigged a Scam!,random_kindness ,,07-22-2018 10:28:40,26923,90752,,
Watching Los Angeles possible hostage situation very closely. Active barricaded suspect. L.A.P.D. working with Federal Law Enforcement.,current_events,,07-22-2018 00:21:01,7779,32432,,
Troy Balderson of Ohio is running for Congress against a Nancy Pelosi Liberal who is WEAK on Crime &amp; Borders. Troy is the total opposite and loves our Military Vets &amp; 2nd Amendment. EARLY VOTING just started with Election Day on August 7th. Troy has my Full &amp; Total Endorsement!,election ,,07-21-2018 23:23:34,25924,97108,,
Brian Kemp who is running for Governor of Georgia and has my full endorsement is campaigning tonight with VP @mike_pence. Brian is very strong on Crime and Borders LOVES our Military Vets and the 2nd Amendment. He will be a GREAT Governor!,election,,07-21-2018 23:10:57,16345,66429,,
Brian Kemp who is running for Governor of Georgia and has my full endorsement is campaigning tonight with @MikePenceVP. Brian is very strong on Crime and Borders LOVES our Military Vets and the 2nd Amendment. He will be a GREAT Governor!,election,,07-21-2018 23:00:42,1647,5717,,
No Collusion No Obstruction - but that doesn‚Äôt matter because the 13 Angry Democrats who are only after Republicans and totally protecting Democrats want this Witch Hunt to drag out to the November Election. Republicans better get smart fast and expose what they are doing!,collusion ,,07-21-2018 22:50:38,28590,101514,,
The Rigged Witch Hunt headed by the 13 Angry Democrats (and now 4 more have been added one who worked directly for Obama W.H.) seems intent on damaging the Republican Party‚Äôs chances in the November Election. This Democrat excuse for losing the ‚Äò16 Election never ends!,collusion ,,07-21-2018 22:40:06,23415,91436,,
Inconceivable that the government would break into a lawyer‚Äôs office (early in the morning) - almost unheard of. Even more inconceivable that a lawyer would tape a client - totally unheard of &amp; perhaps illegal. The good news is that your favorite President did nothing wrong!,collusion ,,07-21-2018 12:10:58,40787,179931,,
The NFL National Anthem Debate is alive and well again - can‚Äôt believe it! Isn‚Äôt it in contract that players must stand at attention hand on heart? The $40000000 Commissioner must now make a stand. First time kneeling out for game. Second time kneeling out for season/no pay!,current_events,,07-20-2018 22:17:21,30295,127161,,
I got severely criticized by the Fake News Media for being too nice to President Putin. In the Old Days they would call it Diplomacy. If I was loud &amp; vicious I would have been criticized for being too tough. Remember when they said I was too tough with Chairman Kim? Hypocrites!,news ,,07-20-2018 21:50:30,37244,153003,,
So important. Should have been done years ago! https://t.co/TFIqsaZWBt,foreign_relations ,,07-20-2018 14:35:49,12881,56868,,
Farmers have been on a downward trend for 15 years. The price of soybeans has fallen 50% since 5 years before the Election. A big reason is bad (terrible) Trade Deals with other countries. They put on massive Tariffs and Barriers. Canada charges 275% on Dairy. Farmers will WIN!,foreign_relations ,,07-20-2018 13:04:44,18755,75987,,
....The United States should not be penalized because we are doing so well. Tightening now hurts all that we have done. The U.S. should be allowed to recapture what was lost due to illegal currency manipulation and BAD Trade Deals. Debt coming due &amp; we are raising rates - Really?,foreign_relations ,,07-20-2018 12:51:45,20108,87449,,
China the European Union and others have been manipulating their currencies and interest rates lower while the U.S. is raising rates while the dollars gets stronger and stronger with each passing day - taking away our big competitive edge. As usual not a level playing field...,foreign_relations ,,07-20-2018 12:43:05,17104,70562,,
My deepest sympathies to the families and friends of those involved in the terrible boat accident which just took place in Missouri. Such a tragedy such a great loss. May God be with you all!,random_kindness,,07-20-2018 12:31:18,17054,86807,,
Will the Dems and Fake News ever learn? This is classic! https://t.co/kSX3ROI4QG,news ,,07-19-2018 18:14:25,42344,114026,,
‚ÄúTrump recognized Russian Meddling MANY TIMES‚Äù https://t.co/T8MERS93wI,collusion ,,07-19-2018 13:35:21,15033,53909,,
....proliferation cyber attacks trade Ukraine Middle East peace North Korea and more. There are many answers some easy and some hard to these problems...but they can ALL be solved!,collusion ,,07-19-2018 13:30:11,16336,72109,,
‚ÄúTrump recognized Russian Meddling MANY TIMES.‚Äù https://t.co/Da8T8SUsCE,collusion ,,07-19-2018 13:27:03,809,2539,,
The Summit with Russia was a great success except with the real enemy of the people the Fake News Media. I look forward to our second meeting so that we can start implementing some of the many things discussed including stopping terrorism security for Israel nuclear........,news ,,07-19-2018 13:24:58,23783,101069,,
I told you so! The European Union just slapped a Five Billion Dollar fine on one of our great companies Google. They truly have taken advantage of the U.S. but not for long!,foreign_relations ,,07-19-2018 13:11:17,24778,98835,,
Really big economy meeting today at the White House! 3 P.M.,economy,,07-19-2018 11:37:25,11311,62129,,
‚ÄúTrump recognized Russian Meddling MANY TIMES.‚Äù Thank you to @foxandfriends and @FoxNews for actually showing the clips. The Fake News wants no part of that narrative! Too bad they don‚Äôt want to focus on all of the ECONOMIC and Economy records being set.,news ,,07-19-2018 11:13:48,17120,69609,,
The Fake News Media wants so badly to see a major confrontation with Russia even a confrontation that could lead to war. They are pushing so recklessly hard and hate the fact that I‚Äôll probably have a good relationship with Putin. We are doing MUCH better than any other country!,news ,,07-19-2018 10:59:26,22658,91171,,
The Fake News Media is going Crazy! They make up stories without any backup sources or proof. Many of the stories written about me and the good people surrounding me are total fiction. Problem is when you complain you just give them more publicity. But I‚Äôll complain anyway!,news ,,07-19-2018 10:37:57,26071,114313,,
The Democrats have a death wish in more ways than one - they actually want to abolish ICE. This should cost them heavily in the Midterms. Yesterday the Republicans overwhelmingly passed a bill supporting ICE!,border_security,,07-19-2018 10:29:15,18853,78801,,
Thank you to Novartis for not increasing your prices on prescription drugs. Likewise to Pfizer. We are making a big push to actually reduce the prices maybe substantially on prescription drugs.,random_kindness,,07-19-2018 10:23:14,15847,76642,,
A total disgrace that Turkey will not release a respected U.S. Pastor Andrew Brunson from prison. He has been held hostage far too long. @RT_Erdogan should do something to free this wonderful Christian husband &amp; father. He has done nothing wrong and his family needs him!,foreign_relations ,,07-19-2018 01:35:33,31676,112456,,
The two biggest opponents of ICE in America today are the Democratic Party and MS-13!,border_security,,07-18-2018 21:30:19,29239,106500,,
Thank you to Congressman Kevin Yoder! He secured $5 BILLION for Border Security. Now we need Congress to support. Kevin has been strong on Crime the Border the 2nd Amendment and he loves our Military and Vets. @RepKevinYoder has my full and total endorsement!,election,,07-18-2018 21:29:06,17213,70380,,
Brian Kemp is running for Governor of the great state of Georgia. The Primary is on Tuesday. Brian is tough on crime strong on the border and illegal immigration. He loves our Military and our Vets and protects our Second Amendment. I give him my full and total endorsement.,election,,07-18-2018 19:25:30,25654,101256,,
3.4 million economy created since our great Election Victory - far greater than ever anticipated and only getting better as new and greatly improved Trade Deals start coming to fruition!,economy,,07-18-2018 11:33:34,22936,103313,,
Some people HATE the fact that I got along well with President Putin of Russia. They would rather go to war than see this. It‚Äôs called Trump Derangement Syndrome!,foreign_relations ,,07-18-2018 11:27:59,33645,130930,,
‚ÄúA lot of Democrats wished they voted for the Tax Cuts because the economy is booming - we could have 4% growth now and the Fed said yesterday that unemployment could drop again.‚Äù  @foxandfriends  @kilmeade,economy,,07-18-2018 11:03:05,16217,71187,,
Congratulations to Martha Roby of The Great State of Alabama on her big GOP Primary win for Congress. My endorsement came appropriately late but when it came the ‚Äúflood gates‚Äù opened and you had the kind of landslide victory that you deserve. Enjoy!,election,,07-18-2018 10:44:18,12849,64758,,
....Russia has agreed to help with North Korea where relationships with us are very good and the process is moving along. There is no rush the sanctions remain! Big benefits and exciting future for North Korea at end of process!,foreign_relations ,,07-18-2018 10:16:50,16460,69596,,
While the NATO meeting in Brussels was an acknowledged triumph with billions of dollars more being put up by member countries at a faster pace the meeting with Russia may prove to be in the long run an even greater success. Many positive things will come out of that meeting..,foreign_relations ,,07-18-2018 10:08:36,16766,74993,,
So many people at the higher ends of intelligence loved my press conference performance in Helsinki. Putin and I discussed many important subjects at our earlier meeting. We got along well which truly bothered many haters who wanted to see a boxing match. Big results will come!,foreign_relations ,,07-18-2018 09:53:41,21043,91266,,
‚ÄúProsperity is returning. Donald Trump is doing exactly what he said he would do as a candidate now as the most effective president the most successful president in modern American history.‚Äù Thank you to the great Lou Dobbs!,economy,,07-18-2018 04:10:19,22705,101986,,
The Democrats want to abolish ICE which will mean more crime in our country. I want to give ICE a big cheer! Vote Republican in November.,border_security,,07-18-2018 00:27:37,30554,126568,,
The meeting between President Putin and myself was a great success except in the Fake News Media!,news ,,07-18-2018 00:21:54,23214,107022,,
The economy of the United States is stronger than ever before!,economy,,07-17-2018 14:39:08,24296,125035,,
Thank you @RandPaul. ‚ÄúThe President has gone through a year and a half of totally partisan investigations - what‚Äôs he supposed to think?‚Äù,random_kindness,,07-17-2018 14:33:47,21403,94931,,
While I had a great meeting with NATO raising vast amounts of money I had an even better meeting with Vladimir Putin of Russia. Sadly it is not being reported that way - the Fake News is going Crazy!,news ,,07-17-2018 14:22:28,24008,98834,,
I had a great meeting with NATO. They have paid $33 Billion more and will pay hundreds of Billions of Dollars more in the future only because of me. NATO was weak but now it is strong again (bad for Russia). The media only says I was rude to leaders never mentions the money!,foreign_relations ,,07-17-2018 13:53:39,22687,101375,,
Thank you @RandPaul you really get it! ‚ÄúThe President has gone through a year and a half of totally partisan investigations - what‚Äôs he supposed think?‚Äù,random_kindness,,07-17-2018 12:59:36,11123,42084,,
Will be interviewed on @seanhannity tonight at 9pmE and @TuckerCarlson tomorrow night at 8pmE. Enjoy!,trump_admin ,,07-16-2018 22:53:47,15090,73732,,
A productive dialogue is not only good for the United States and good for Russia but it is good for the world. #HELSINKI2018 https://t.co/Q2Y1PhM9au,foreign_relations  ,,07-16-2018 20:34:07,21775,83066,,
I would rather take a political risk in pursuit of peace than to risk peace in pursuit of politics. #HELSINKI2018 https://t.co/XdlrJWLPIh,foreign_relations  ,,07-16-2018 20:29:54,35701,125655,,
As I said today and many times before ‚ÄúI have GREAT confidence in MY intelligence people.‚Äù However I also recognize that in order to build a brighter future we cannot exclusively focus on the past ‚Äì as the world‚Äôs two largest nuclear powers we must get along! #HELSINKI2018,foreign_relations  ,,07-16-2018 19:40:23,30395,128500,,
Thank you Helsinki Finland! https://t.co/rh4NUjPSwU,foreign_relations ,,07-16-2018 16:51:20,17197,90979,,
Joint Press Conference from Helsinki Finland: https://t.co/fadLMDuGiY,foreign_relations ,,07-16-2018 16:11:26,13458,53306,,
It was an honor to join you this morning. Thank you! https://t.co/NOUTroe8MV,random_kindness,,07-16-2018 08:56:58,10796,58636,,
Our relationship with Russia has NEVER been worse thanks to many years of U.S. foolishness and stupidity and now the Rigged Witch Hunt!,foreign_relations ,,07-16-2018 06:05:29,23529,104980,,
President Obama thought that Crooked Hillary was going to win the election so when he was informed by the FBI about Russian Meddling he said it couldn‚Äôt happen was no big deal &amp; did NOTHING about it. When I won it became a big deal and the Rigged Witch Hunt headed by Strzok!,collusion ,,07-16-2018 05:37:05,35399,134772,,
Received many calls from leaders of NATO countries thanking me for helping to bring them together and to get them focused on financial obligations both present &amp; future. We had a truly great Summit that was inaccurately covered by much of the media. NATO is now strong &amp; rich!,foreign_relations ,,07-16-2018 05:23:50,21862,102705,,
Congratulations to France who played extraordinary soccer on winning the 2018 World Cup. Additionally congratulations to President Putin and Russia for putting on a truly great World Cup Tournament -- one of the best ever!,random_kindness,,07-15-2018 17:03:03,35988,153949,,
...know how to do is resist and obstruct! This is why there is such hatred and dissension in our country ‚Äì but at some point it will heal!,news,,07-15-2018 16:18:12,14244,75300,,
...over the years I would return to criticism that it wasn‚Äôt good enough ‚Äì that I should have gotten Saint Petersburg in addition! Much of our news media is indeed the enemy of the people and all the Dems...,news ,,07-15-2018 16:18:11,13100,68002,,
Heading to Helsinki Finland ‚Äì looking forward to meeting with President Putin tomorrow. Unfortunately no matter how well I do at the Summit if I was given the great city of Moscow as retribution for all of the sins and evils committed by Russia...,foreign_relations ,,07-15-2018 16:18:10,15916,79350,,
There hasn‚Äôt been a missile or rocket fired in 9 months in North Korea there have been no nuclear tests and we got back our hostages. Who knows how it will all turn out in the end but why isn‚Äôt the Fake News talking about these wonderful facts? Because it is FAKE NEWS!,news ,,07-15-2018 16:11:13,30745,127944,,
These Russian individuals did their work during the Obama years. Why didn‚Äôt Obama do something about it?  Because he thought Crooked Hillary Clinton would win that‚Äôs why. Had nothing to do with the Trump Administration but Fake News doesn‚Äôt want to report the truth as usual!,collusion ,,07-14-2018 18:17:37,41314,148628,,
Our prayers are with those affected by the flooding in Japan. We commend the rescue efforts and offer condolences to all who were injured or lost loved ones. https://t.co/AIgJMyT7qS,random_kindness,,07-14-2018 12:44:05,17462,72042,,
....Remember it was Little Jeff Z and his people who are told exactly what to say who said I could not win the election in that ‚Äúthere was no way to 270‚Äù (over &amp; over again) in the Electoral College. I got 306! They were sooooo wrong in their election coverage. Still hurting!,news ,,07-14-2018 11:34:32,17995,88363,,
So funny! I just checked out Fake News CNN for the first time in a long time (they are dying in the ratings) to see if they covered my takedown yesterday of Jim Acosta (actually a nice guy). They didn‚Äôt! But they did say I already lost in my meeting with Putin. Fake News......,news,,07-14-2018 11:24:13,21874,96477,,
The stories you heard about the 12 Russians yesterday took place during the Obama Administration not the Trump Administration. Why didn‚Äôt they do something about it especially when it was reported that President Obama was informed by the FBI in September before the Election?,collusion ,,07-14-2018 10:08:23,38876,128640,,
....Where is the DNC Server and why didn‚Äôt the FBI take possession of it? Deep State?,collusion ,,07-14-2018 09:57:53,28858,103760,,
The stories you heard about the 12 Russians yesterday took place during the Obama Administration not the Trump Administrations. Why didn‚Äôt they do something about it especially when it was reported that President Obama was informed by the FBI in September before the Election?,collusion ,,07-14-2018 09:53:13,1721,5020,,
The Stock Market hit 25000 yesterday. Economy are at an all time record - and that is before we fix some of the worst trade deals and conditions ever seen by any government. It is all happening!,economy,,07-14-2018 09:46:55,23963,111872,,
I have arrived in Scotland and will be at Trump Turnberry for two days of meetings calls and hopefully some golf - my primary form of exercise! The weather is beautiful and this place is incredible! Tomorrow I go to Helsinki for a Monday meeting with Vladimir Putin.,travel ,,07-14-2018 09:43:04,15392,86262,,
This is now changing - for the first time! https://t.co/bRgrMbdDPp,foreign_relations ,,07-14-2018 09:18:40,12510,58299,,
üá∫üá∏üá¨üáß https://t.co/CwnBfe3smd,foreign_relations ,,07-13-2018 18:04:59,21091,104462,,
Joint Press Conference with Prime Minister Theresa May...https://t.co/XQLkayYKlM,foreign_relations ,,07-13-2018 14:07:29,11198,51960,,
Congressman Matt Gaetz of Florida is one of the finest and most talented people in Congress. Strong on Crime the Border Illegal Immigration the 2nd Amendment our great Military &amp; Vets Matt worked tirelessly on helping to get our Massive Tax Cuts. He has my Full Endorsement!,election,,07-13-2018 06:02:42,21937,92159,,
Great success today at NATO! Billions of additional dollars paid by members since my election. Great spirit!,foreign_relations ,,07-12-2018 17:52:33,21298,108983,,
A very nice note from Chairman Kim of North Korea. Great progress being made! https://t.co/6NI6AqL0xt,foreign_relations ,,07-12-2018 16:32:21,25716,93775,,
‚ÄúTrump has been the most consequential president in history when it comes to minority employment. In June for instance the unemployment rate for Hispanics and Latinos 16 years and older fell to 4.6% its lowest level ever from 4.9% in May.‚Äù https://t.co/ex9jizOyAV,economy,,07-12-2018 15:10:51,18600,68973,,
Thank you #NATO2018! https://t.co/nk85QBv1u7,foreign_relations ,,07-12-2018 14:12:41,12900,64034,,
#NATOSummit2018 Press Conference in Brussels Belgium:https://t.co/iEOeGV6YBI,foreign_relations ,,07-12-2018 10:57:06,10489,42675,,
....On top of it all Germany just started paying Russia the country they want protection from Billions of Dollars for their Energy needs coming out of a new pipeline from Russia. Not acceptable! All NATO Nations must meet their 2% commitment and that must ultimately go to 4%!,foreign_relations ,,07-12-2018 06:12:05,20410,88176,,
Presidents have been trying unsuccessfully for years to get Germany and other rich NATO Nations to pay more toward their protection from Russia. They pay only a fraction of their cost. The U.S. pays tens of Billions of Dollars too much to subsidize Europe and loses Big on Trade!,foreign_relations ,,07-12-2018 06:03:29,17565,77174,,
As I head out to a very important NATO meeting I see that FBI Lover/Agent Lisa Page is dodging a Subpoena &amp; is refusing to show up and testify. What can she possibly say about her statements and lies. So much corruption on the other side. Where is the Attorney General? @FoxNews,collusion ,,07-12-2018 05:55:24,18572,81600,,
Billions of additional dollars are being spent by NATO countries since my visit last year at my request but it isn‚Äôt nearly enough. U.S. spends too much. Europe‚Äôs borders are BAD! Pipeline dollars to Russia are not acceptable!,foreign_relations  ,,07-11-2018 23:33:33,19094,82413,,
How can the Rigged Witch Hunt proceed when it was started influenced and worked on for an extended period of time by former FBI Agent/Lover Peter Strzok? Read his hate filled and totally biased Emails and the answer is clear!,collusion ,,07-11-2018 22:47:16,21619,87721,,
Ex-FBI LAYER Lisa Page today defied a House of Representatives issued Subpoena to testify before Congress! Wow but is anybody really surprised!  Together with her lover FBI Agent Peter Strzok she worked on the Rigged Witch Hunt perhaps the most tainted and corrupt case EVER!,collusion ,,07-11-2018 21:53:26,24084,94749,,
If the Democrats want to win Supreme Court and other Court picks don‚Äôt Obstruct and Resist but rather do it the good ol‚Äô fashioned way WIN ELECTIONS!,current_events,,07-11-2018 21:09:01,18454,84532,,
What good is NATO if Germany is paying Russia billions of dollars for gas and energy? Why are there only 5 out of 29 countries that have met their commitment? The U.S. is paying for Europe‚Äôs protection then loses billions on Trade. Must pay 2% of GDP IMMEDIATELY not by 2025.,foreign_relations ,,07-11-2018 17:07:27,29470,119730,,
What good is NATO if Germany is paying Russia billions of dollars for gas and energy? Why are their only 5 out of 29 countries that have met their commitment? The U.S. is paying for Europe‚Äôs protection then loses billions on Trade. Must pay 2% of GDP IMMEDIATELY not by 2025.,foreign_relations ,,07-11-2018 16:50:49,4129,0,,
Democrats in Congress must no longer Obstruct - vote to fix our terrible Immigration Laws now. I am watching what is going on from Europe - it would be soooo simple to fix. Judges run the system and illegals and traffickers know how it works. They are just using children!,border_security,,07-11-2018 16:41:12,22389,91255,,
...things up better than ever before but it can‚Äôt go too quickly. I am fighting for a level playing field for our farmers and will win!,foreign_relations ,,07-11-2018 12:40:32,13687,70612,,
I am in Brussels but always thinking about our farmers. Soy beans fell 50% from 2012 to my election. Farmers have done poorly for 15 years. Other countries‚Äô trade barriers and tariffs have been destroying their businesses. I will open...,foreign_relations ,,07-11-2018 12:40:31,17371,81131,,
Bilateral Breakfast with NATO Secretary General in Brussels Belgium... https://t.co/l0EP3lzhCM,foreign_relations ,,07-11-2018 08:04:45,19380,77139,,
Just talked with Pfizer CEO and @SecAzar on our drug pricing blueprint. Pfizer is rolling back price hikes so American patients don‚Äôt pay more. We applaud Pfizer for this decision and hope other companies do the same. Great news for the American people!,random_kindness,,07-10-2018 22:37:28,25601,108068,,
The European Union makes it impossible for our farmers and workers and companies to do business in Europe (U.S. has a $151 Billion trade deficit) and then they want us to happily defend them through NATO and nicely pay for it. Just doesn‚Äôt work!,foreign_relations ,,07-10-2018 18:52:21,24458,99823,,
A recent Emerson College ePoll said that most Americans especially Hispanics feel that they are better off under President Trump than they were under President Obama.,trump_admin ,,07-10-2018 18:42:21,21716,106543,,
Many countries in NATO which we are expected to defend are not only short of their current commitment of 2% (which is low) but are also delinquent for many years in payments that have not been made. Will they reimburse the U.S.?,foreign_relations ,,07-10-2018 17:01:30,18483,77497,,
Informing the Republican Senators of my nomination of Judge Brett Kavanaugh. #SCOTUS https://t.co/O5cAaVAtQt,current_events,,07-10-2018 14:49:17,9526,50793,,
I am on Air Force One flying to NATO and hear reports that the FBI lovers Peter Strzok and Lisa Page are getting cold feet on testifying about  the Rigged Witch Hunt headed by 13 Angry Democrats and people that worked for Obama for 8 years. Total disgrace!,collusion ,,07-10-2018 14:40:12,25348,107691,,
On behalf of the United States congratulations to the Thai Navy SEALs and all on the successful rescue of the 12 boys and their coach from the treacherous cave in Thailand. Such a beautiful moment - all freed great job!,random_kindness,,07-10-2018 12:39:18,40357,185811,,
Thank you to all of my great supporters really big progress being made. Other countries wanting to fix crazy trade deals. Economy is ROARING. Supreme Court pick getting GREAT REVIEWS. New Poll says Trump at over 90% is the most popular Republican in history of the Party. Wow!,trump_admin ,,07-10-2018 10:59:30,25810,124606,,
NATO countries must pay MORE the United States must pay LESS. Very Unfair!,foreign_relations ,,07-10-2018 10:42:43,14005,68991,,
Getting ready to leave for Europe. First meeting - NATO. The U.S. is spending many times more than any other country in order to protect them. Not fair to the U.S. taxpayer. On top of that we lose $151 Billion on Trade with the European Union. Charge us big Tariffs (&amp; Barriers)!,foreign_relations ,,07-10-2018 09:35:05,15620,71535,,
Tonight it was my honor and privilege to nominate Judge Brett Kavanaugh to the United States Supreme Court. #SCOTUS https://t.co/97clc9zifm,election,,07-10-2018 02:54:10,16162,80919,,
HAPPY 100TH BIRTHDAY to our amazing current and former Army Warrant Officers. Thank you for your century of service as the indispensable guardians of our great @USArmy‚Äôs technology! #CenturyOfService https://t.co/hD42XseaTG,random_kindness,,07-09-2018 22:22:40,14118,65605,,
Pfizer &amp; others should be ashamed that they have raised drug prices for no reason. They are merely taking advantage of the poor &amp; others unable to defend themselves while at the same time giving bargain basement prices to other countries in Europe &amp; elsewhere. We will respond!,current_events,,07-09-2018 17:08:29,28852,112761,,
The failing NY Times Fake News story today about breast feeding must be called out. The U.S. strongly supports breast feeding but we don‚Äôt believe women should be denied access to formula. Many women need this option because of malnutrition and poverty.,news ,,07-09-2018 17:04:04,22998,99823,,
I have confidence that Kim Jong Un will honor the contract we signed &amp; even more importantly our handshake. We agreed to the denuclearization of North Korea. China on the other hand may be exerting negative pressure on a deal because of our posture on Chinese Trade-Hope Not!,foreign_relations ,,07-09-2018 14:25:06,20173,92956,,
I have long heard that the most important decision a U.S. President can make is the selection of a Supreme Court Justice - Will be announced tonight at 9:00 P.M.,current_events,,07-09-2018 12:14:43,21476,116459,,
...Europe far more than it does the U.S. By some accounts the U.S. is paying for 90% of NATO with many countries nowhere close to their 2% commitment. On top of this the European Union has a Trade Surplus of $151 Million with the U.S. with big Trade Barriers on U.S. goods. NO!,foreign_relations ,,07-09-2018 12:04:02,16185,71693,,
The United States is spending far more on NATO than any other Country. This is not fair nor is it acceptable. While these countries have been increasing their contributions since I took office they must do much more. Germany is at 1% the U.S. is at 4% and NATO benefits.......,foreign_relations ,,07-09-2018 11:55:01,17558,73300,,
They just didn't get it but they do now! https://t.co/9T50NupkDy,trump_admin ,,07-08-2018 21:58:52,108798,317534,,
Looking forward to announcing my final decision on the United States Supreme Court Justice at 9:00pmE tomorrow night at the @WhiteHouse. An exceptional person will be chosen!,current_events,,07-08-2018 21:27:17,20934,107798,,
Iranian Harassment of U.S. Warships:2015: 222016: 362017: 142018: 0Source: @USNavy,foreign_relations ,,07-08-2018 20:29:27,38628,156777,,
The U.S. is working very closely with the Government of Thailand to help get all of the children out of the cave and to safety. Very brave and talented people!,current_events,,07-08-2018 13:14:13,36186,141762,,
The Rigged Witch Hunt originally headed by FBI lover boy Peter S (for one year) &amp; now 13 Angry Democrats should look into the missing DNC Server Crooked Hillary‚Äôs illegally deleted Emails the Pakistani Fraudster Uranium One Podesta &amp; so much more. It‚Äôs a Democrat Con Job!,collusion ,,07-07-2018 22:24:02,35792,130602,,
Public opinion has turned strongly against the Rigged Witch Hunt and the ‚ÄúSpecial‚Äù Counsel because the public understands that there was no  Collusion with Russia (so ridiculous) that the two FBI lovers were a fraud against our Nation &amp; that the only Collusion was with the Dems!,collusion ,,07-07-2018 20:42:48,28190,116645,,
Public opinion has turned strongly against the Rigged Witch Hunt and the ‚ÄúSpecial‚Äù Councel because the public understands that there was no  Collusion with Russia (so ridiculous) that the two FBI lovers were a fraud against our Nation &amp; that the only Collusion was with the Dems!,collusion ,,07-07-2018 20:29:34,2803,9628,,
Big decision will soon be made on our next Justice of the Supreme Court!,current_events,,07-07-2018 13:24:41,17775,103820,,
Twitter is getting rid of fake accounts at a record pace. Will that include the Failing New York Times and propaganda machine for Amazon the Washington Post who constantly quote anonymous sources that in my opinion don‚Äôt exist - They will both be out of business in 7 years!,news ,,07-07-2018 13:21:11,30058,126598,,
Just won lawsuit filed by the DNC and a bunch of Democrat crazies trying to claim the Trump Campaign (and others) colluded with Russia. They haven‚Äôt figured out that this was an excuse for them losing the election!,collusion ,,07-06-2018 16:57:34,35227,151126,,
Economy Economy Economy! https://t.co/Tz2PQ2xetT,economy,,07-06-2018 16:12:16,21912,91503,,
Thanks to REPUBLICAN LEADERSHIP America is WINNING AGAIN - and America is being RESPECTED again all over the world. Because we are finally putting AMERICA FIRST!,make_america_great_again,,07-06-2018 01:06:36,23755,119877,,
Every day the brave men and women of ICE are liberating communities from savage gangs like MS-13. We will NOT stand for these vile Democrat smears in law enforcement. We will always stand proudly with the BRAVE HEROES of ICE and BORDER PATROL!,border_security,,07-06-2018 00:58:50,26234,117336,,
A vote for Democrats in November is a vote to let MS-13 run wild in our communities to let drugs pour into our cities and to take economy and benefits away from hardworking Americans. Democrats want anarchy amnesty and chaos - Republicans want LAW ORDER and JUSTICE!,election,,07-06-2018 00:44:17,33537,131672,,
It was my great honor to join proud hardworking American Patriots in Montana tonight. I love you - thank you! #MAGA https://t.co/475ct7hW3D,random_kindness,,07-06-2018 00:11:09,14036,66063,,
...on Monday assume duties as the acting Administrator of the EPA. I have no doubt that Andy will continue on with our great and lasting EPA agenda. We have made tremendous progress and the future of the EPA is very bright!,current_events,,07-05-2018 19:37:58,9579,46816,,
I have accepted the resignation of Scott Pruitt as the Administrator of the Environmental Protection Agency. Within the Agency Scott has done an outstanding job and I will always be thankful to him for this. The Senate confirmed Deputy at EPA Andrew Wheeler will...,current_events,,07-05-2018 19:37:57,15218,65928,,
Congress - FIX OUR INSANE IMMIGRATION LAWS NOW!,border_security,,07-05-2018 14:17:23,26448,114948,,
.....Country being forced to endure a long and costly trial. Tell the people ‚ÄúOUT‚Äù and they must leave just as they would if they were standing on your front lawn. Hiring thousands of ‚Äújudges‚Äù does not work and is not acceptable - only Country in the World that does this!,border_security,,07-05-2018 14:16:07,20471,86500,,
Congress must pass smart fast and reasonable Immigration Laws now. Law Enforcement at the Border is doing a great job but the laws they are forced to work with are insane. When people with or without children enter our Country they must be told to leave without our........,border_security,,07-05-2018 14:08:57,19830,84022,,
Happy Birthday America! https://t.co/SIi6xXsfof,random_kindness,,07-05-2018 02:47:35,33677,185695,,
The OPEC Monopoly must remember that gas prices are up &amp; they are doing little to help. If anything they are driving prices higher as the United States defends many of their members for very little $‚Äôs. This must be a two way street. REDUCE PRICING NOW!,foreign_relations ,,07-04-2018 20:46:00,26956,114781,,
https://t.co/ue5JEZy85v,random_kindness,,07-04-2018 14:44:53,21861,81305,,
Happy Fourth of July....Our Country is doing GREAT!,random_kindness,,07-04-2018 14:42:38,46295,227562,,
Tomorrow families across our Nation will gather to celebrate the Fourth of July. As we do we will think of the men &amp; women serving overseas at this very moment far away from their families protecting America - &amp; we will thank GOD for blessing us with these incredible HEROES! https://t.co/FQ1D7oEta2,random_kindness,,07-04-2018 00:36:39,20776,90767,,
...has endured because of the sweat blood and sacrifice of the American Armed Forces ‚Äì the greatest force for peace and justice in the history of the world!,random_kindness,,07-03-2018 23:52:08,12972,67073,,
Tonight we gathered to celebrate the courageous men and women who make freedom possible: our brave service members and our wonderful Veterans. For 242 years American Independence...,random_kindness,,07-03-2018 23:52:06,18613,92312,,
Thank you @WVGovernor Jim Justice for that warm introduction. Tonight it was my great honor to attend the ‚ÄúGreenbrier Classic ‚Äì Salute to Service Dinner‚Äù in West Virginia! God Bless our Veterans. God Bless America - and HAPPY INDEPENDENCE DAY TO ALL! https://t.co/V35qvCN8m6,random_kindness,,07-03-2018 23:19:35,10256,49400,,
After having written many best selling books and somewhat priding myself on my ability to write it should be noted that the Fake News constantly likes to pore over my tweets looking for a mistake. I capitalize certain words only for emphasis not b/c they should be capitalized!,news ,,07-03-2018 23:13:34,15333,88278,,
Just arrived in West Virginia! https://t.co/yjI0Xl5rMh,travel,,07-03-2018 22:21:08,2734,13199,,
The Washington Post is constantly quoting ‚Äúanonymous sources‚Äù that do not exist. Rarely do they use the name of anyone because there is no one to give them the kind of negative quote that they are looking for. They are a disgrace to journalism but then again so are many others!,news ,,07-03-2018 21:35:11,23407,98967,,
Heading to West Virginia to be with my friend @WVGovernor Jim Justice at his beautiful Greenbrier Resort. He works hard does a great job and raises lots of money for charities!,random_kindness,,07-03-2018 21:26:01,9292,52633,,
After having written many best selling books and somewhat priding myself on my ability to write it should be noted that the Fake News constantly likes to pour over my tweets looking for a mistake. I capitalize certain words only for emphasis not b/c they should be capitalized!,news ,,07-03-2018 21:19:04,8927,42472,,
The Washington Post is constantly quoting ‚Äúanonymous sources‚Äù that do not exist. Rarely do they use the name of anyone because there is no one to give them the kind of negative quote that they are looking for. They are a discgrace to journalism but then again so are many others!,news ,,07-03-2018 21:16:30,3468,12913,,
Wow! The NSA has deleted 685 million phone calls and text messages. Privacy violations? They blame technical irregularities. Such a disgrace. The Witch Hunt continues!,collusion ,,07-03-2018 14:18:44,28453,109026,,
Now that Harley-Davidson is moving part of its operation out of the U.S. my Administration is working with other Motor Cycle companies who want to move into the U.S. Harley customers are not happy with their move - sales are down 7% in 2017. The U.S. is where the Action is!,economy,,07-03-2018 14:00:22,18312,87917,,
Just out that the Obama Administration granted citizenship during the terrible Iran Deal negotiation to 2500 Iranians - including to government officials. How big (and bad) is that?,foreign_relations ,,07-03-2018 12:03:40,29751,94900,,
Many good conversations with North Korea-it is going well! In the meantime no Rocket Launches or Nuclear Testing in 8 months. All of Asia is thrilled. Only the Opposition Party which includes the Fake News is complaining. If not for me we would now be at War with North Korea!,foreign_relations ,,07-03-2018 11:16:18,19276,83420,,
How can the Democrats who are weak on the Border and weak on Crime do well in November. The people of our Country want and demand Safety and Security while the Democrats are more interested in  ripping apart and demeaning (and not properly funding) our great Law Enforcement!,election,,07-03-2018 10:57:52,20771,88158,,
When we have an ‚Äúinfestation‚Äù of MS-13 GANGS in certain parts of our country who do we send to get them out? ICE! They are tougher and smarter than these rough criminal elelments that bad immigration laws allow into our country. Dems do not appreciate the great job they do! Nov.,border_security,,07-03-2018 10:49:10,22371,96354,,
The economy is doing perhaps better than ever before and that‚Äôs prior to fixing some of the worst and most unfair Trade Deals ever made by any country. In any event they are coming along very well. Most countries agree that they must be changed but nobody ever asked!,foreign_relations ,,07-03-2018 10:33:44,14724,67668,,
I interviewed 4 very impressive people yesterday. On Monday I will be announcing my decision for Justice of the United States Supreme Court!,current_events,,07-03-2018 10:25:37,14187,75430,,
Crazy Maxine Waters said by some to be one of the most corrupt people in politics is rapidly becoming together with Nancy Pelosi the FACE of the Democrat Party. Her ranting and raving even referring to herself as a wounded animal will make people flee the Democrats!,current_events,,07-03-2018 10:16:51,19571,86022,,
Many Democrats are deeply concerned about the fact that their ‚Äúleadership‚Äù wants to denounce and abandon the great men and women of ICE thereby declaring war on Law &amp; Order. These people will be voting for Republicans in November and in many cases joining the Republican Party!,election,,07-03-2018 02:43:57,26608,112425,,
Today it was my great honor to welcome Prime Minister Mark Rutte of the Netherlands to the @WhiteHouse! https://t.co/Zn6ZLM0tzy,foreign_relations ,,07-02-2018 21:48:02,12257,68349,,
Congratulations to Andres Manuel Lopez Obrador on becoming the next President of Mexico. I look very much forward to working with him. There is much to be done that will benefit both the United States and Mexico!,random_kindness ,,07-02-2018 03:01:30,67944,211701,,
A big week especially with our numerous victories in the Supreme Court. Heading back to the White House now. Focus will be on the selection of a new Supreme Court Justice. Exciting times for our country. Economy may be stronger than it has ever been!,current_events,,07-01-2018 19:39:28,26419,126018,,
The Liberal Left also known as the Democrats want to get rid of ICE who do a fantastic job and want Open Borders. Crime would be rampant and uncontrollable! Make America Great Again,border_security,,07-01-2018 12:11:05,30653,133568,,
I will be interviewed by @MariaBartiromo at 10:00 A.M. on @FoxNews,trump_admin ,,07-01-2018 12:00:03,8301,50863,,
,,,,,,,
,,,,,,,
,,,,,,,
Primary Key,Timestamp,Content (text),Hashtag (Boolean),Retweets Count,Favorite Count,,
,,,,,,,
,,,,,,,
,,,,,,,
,,,,,,,
,,,,,,,
,,,,,,,
,,,,,,,
,,,,,,,
,,,,,,,
,,,,,,,
,,,,,,,
,,,,,,,
,,,,,,,
,,,,,,,
,,,,,,,
,,,,,,,
,,,,,,,
,,,,,,,
,,,,,,,
,,,,,,,
,,,,,,,
,,,,,,,
,,,,,,,
,,,,,,,
Primary Key,FK Trump Tweet ID,FK Topic ID,,,,,
,,,,,,,
,,,,,,,
,,,,,,,
,,,,,,,
,,,,,,,
,,,,,,,
,,,,,,,
,,,,,,,
,,,,,,,
,,,,,,,
,,,,,,,
,,,,,,,
Primary Key,Category Name,Sub Category,,,,,
,,,,,,,
,,,,,,,
,,,,,,,
,,,,,,,
,,,,,,,
,,,,,,,
,,,,,,,
,,,,,,,
,,,,,,,